{"epoch": 15, "train_loss": 0.3605433963998152, "train_acc": 0.9075740740740741, "validation_loss": 0.47860617583385995, "validation_acc": 0.8841666666666667, "_timestamp": 1678727711.3917599, "_runtime": 902.8319079875946, "_step": 14, "_wandb": {"runtime": 900}}