{"epoch": 4, "train_loss": 3.3219660040321872, "train_acc": 0.10005555555555555, "validation_loss": 3.3219434745156176, "validation_acc": 0.0995, "_timestamp": 1678809292.1935394, "_runtime": 710.7889833450317, "_step": 3, "_wandb": {"runtime": 754}}