{"epoch": 5, "train_loss": 3.3285558442920173, "train_acc": 0.09964814814814815, "validation_loss": 3.327530598399581, "validation_acc": 0.10316666666666667, "_timestamp": 1678819906.2266743, "_runtime": 497.99458837509155, "_step": 4}