{"epoch": 13, "train_loss": 0.5156660165302206, "train_acc": 0.8743518518518518, "validation_loss": 0.5366787912793739, "validation_acc": 0.8718333333333333, "_timestamp": 1678722139.3452966, "_runtime": 782.5633857250214, "_step": 12, "_wandb": {"runtime": 814}}