{"epoch": 8, "train_loss": 0.397819486107788, "train_acc": 0.8987962962962963, "validation_loss": 0.4738265086534218, "validation_acc": 0.8848333333333334, "_timestamp": 1678720335.8910573, "_runtime": 537.1445322036743, "_step": 7, "_wandb": {"runtime": 565}}