{"epoch": 15, "train_loss": 0.32944655043859394, "train_acc": 0.916074074074074, "validation_loss": 0.5042529449094572, "validation_acc": 0.8788333333333334, "_timestamp": 1678721282.0235403, "_runtime": 850.383228302002, "_step": 14, "_wandb": {"runtime": 849}}