{"epoch": 8, "train_loss": 0.09803125502076042, "train_acc": 0.8668888888888889, "validation_loss": 0.1047715273266017, "validation_acc": 0.8558333333333333, "_timestamp": 1678998709.6698673, "_runtime": 225.5111963748932, "_step": 7, "_wandb": {"runtime": 224}}